product_name,price,product_sold,reviews,image_link,product_link
,nan,nan,nan,https://ir.ebaystatic.com/rs/v/fxxj3ttftm5ltcqnto1o4baovyl.png,
,nan,nan,nan,https://ir.ebaystatic.com/rs/v/fxxj3ttftm5ltcqnto1o4baovyl.png,
Tracfone 2024 Moto G Stylus 5G 1-Year Plan (1500/1500/1.5GB) Bundle,nan,nan,nan,https://i.ebayimg.com/images/g/f1gAAeSwfLxp5-p~/s-l960.webp,https://www.ebay.com/itm/287286182835
Apple iPhone 12 64/128GB - Fully Unlocked AT&T T-Mobile Verizon - All colors,nan,66 sold,nan,https://i.ebayimg.com/images/g/fe4AAOSwVkRmIHzv/s-l960.webp,https://www.ebay.com/itm/386936766515
"Apple iPhone 13 Mini, 128/256/512GB - Unlocked - Refurbished Excellent",nan,211 sold,29,https://i.ebayimg.com/images/g/qAwAAOSwhGpkCevP/s-l960.webp,https://www.ebay.com/itm/226908600683
"Apple iPhone 12 Pro, 128/256/512GB - Fully Unlocked - Refurbished Excellent",nan,23 sold,9,https://i.ebayimg.com/images/g/HlMAAOSwjzhkCfsi/s-l960.webp,https://www.ebay.com/itm/326721928692
Apple iPhone 15 Pro Max A2849 256GB Unlocked Very Good,"$1,299.99
was - US $1,299.99","12,552 sold",25,https://i.ebayimg.com/images/g/zJoAAeSw6g5pJIvk/s-l960.webp,https://ebay.com/itm/356227859677
Apple iPhone 15 Pro A2848 256GB Unlocked - Very Good Condition,"$1,199.99
was - US $1,199.99","2,848 sold",10,https://i.ebayimg.com/images/g/dp8AAeSwUoNpJNPZ/s-l960.webp,https://ebay.com/itm/356227813818
Samsung Galaxy Z Fold5 512GB F946U Unlocked - Good,"$1,799.99
was - US $1,799.99",326 sold,nan,https://i.ebayimg.com/images/g/TVUAAeSwughonlUR/s-l960.webp,https://ebay.com/itm/257066123753
Samsung Galaxy S22 128GB S901U Unlocked - Good,"$799.99
was - US $799.99","1,369 sold",19,https://i.ebayimg.com/images/g/~50AAeSw3BZojEkt/s-l960.webp,https://ebay.com/itm/255865325274
Tracfone (2 PACK) Moto G Power 2024 + 1 YR Service (1500 Min/Txt/1.5GB),nan,nan,nan,https://i.ebayimg.com/images/g/OUIAAeSwMQhprxX5/s-l400.webp,https://www.ebay.com/itm/287191137918
45W Type USB C Super Fast Wall Charger +6ft Cable For Samsung Galaxy S21 S22 S23,nan,nan,nan,https://i.ebayimg.com/images/g/4E8AAOSwqvJnru6t/s-l400.webp,https://www.ebay.com/itm/156700277871
Apple iPhone 14 128GB Network Unlocked Very Good Condition,"$699.00
was - US $699.00","5,954 sold",46,https://i.ebayimg.com/images/g/xSYAAOSwLd5lJIrP/s-l960.webp,https://ebay.com/itm/355095070816
"Apple iPhone 5s - 16GB, 32GB, 64GB - ALL COLORS Unlocked/AT&T/T-Mobile A1453",nan,995 sold,8,https://i.ebayimg.com/images/g/UJUAAOSwlGBnZ3n9/s-l400.webp,https://ebay.com/itm/116454601321
Samsung Galaxy Z Flip6 512GB F741U Unlocked - Good,"$1,219.99
was - US $1,219.99",nan,1,https://i.ebayimg.com/images/g/DXsAAeSwkI1pjJuH/s-l400.webp,https://ebay.com/itm/257355481365
"UMIDIGI A11 Pro Max 6.8"" Unlocked Smartphone Android International Version AT&T",nan,122 sold,nan,https://i.ebayimg.com/images/g/f3UAAOSwztthUaXN/s-l400.webp,https://www.ebay.com/itm/174955432545
"Apple iPhone 14, 128GB-256GB-512GB, Unlocked - Very Good Condition - All Colors",nan,735 sold,83,https://i.ebayimg.com/images/g/tzUAAOSw1p5kB1Fw/s-l400.webp,https://www.ebay.com/itm/325632854802
Apple iPhone 11 Pro Max 64/256/512GB Unlocked - Refurbished Excellent,nan,25 sold,34,https://i.ebayimg.com/images/g/ufUAAOSwff1kQwEh/s-l400.webp,https://www.ebay.com/itm/236252720404
Samsung Galaxy S23 Ultra 256GB S918U Unlocked - Good,"$1,199.99
was - US $1,199.99","1,483 sold",42,https://i.ebayimg.com/images/g/am8AAeSwvzdoL7An/s-l960.webp,https://ebay.com/itm/256460585805
Samsung Galaxy S23 128GB S911U Unlocked - Excellent,"$799.99
was - US $799.99",635 sold,6,https://i.ebayimg.com/images/g/AXAAAeSwl3loL2cC/s-l960.webp,https://ebay.com/itm/256372271129
Apple iPhone 14 Pro Max 256GB Unlocked Very Good Condition,"$1,199.00
was - US $1,199.00","10,320 sold",25,https://i.ebayimg.com/images/g/b9AAAOSwPRZnWi3t/s-l960.webp,https://ebay.com/itm/355896538160
Apple iPhone 17 Pro 256GB Unlocked Very Good All Colors,nan,452 sold,nan,https://i.ebayimg.com/images/g/qT4AAeSwcE5p4SI-/s-l960.webp,https://ebay.com/itm/127693872113
Samsung Galaxy S23 128GB S911U Unlocked - Good,"$799.99
was - US $799.99","1,382 sold",34,https://i.ebayimg.com/images/g/kvwAAeSwDeVoL2FO/s-l960.webp,https://ebay.com/itm/256372465052
NEW LISTINGSamsung Galaxy S26 Ultra 512GB Black (Factory Unlocked) NEW SEALED,nan,nan,nan,https://i.ebayimg.com/images/g/bsEAAeSwkB5p6rQX/s-l400.webp,https://www.ebay.com/itm/389930235862
NEW SEALED Samsung Galaxy S22 Ultra 5G S908U 128GB/256GB/512GB Factory Unlocked,nan,42 sold,21,https://i.ebayimg.com/images/g/9dsAAeSwUbhp5Ozv/s-l960.webp,https://ebay.com/itm/377126092843
Apple iPhone 14 Pro A2650 256GB Unlocked Very Good Condition,"$1,099.00
was - US $1,099.00","1,657 sold",4,https://i.ebayimg.com/images/g/MhAAAeSwKZxpCOIi/s-l960.webp,https://ebay.com/itm/355896536737
Apple iPhone 15 Plus 128GB Unlocked Very Good Condition,"$899.99
was - US $899.99","3,310 sold",4,https://i.ebayimg.com/images/g/EL8AAeSwCMloK5M5/s-l400.webp,https://ebay.com/itm/356312979103
Apple iPhone 5 - 16/32/64GB - ALL COLORS Unlocked/AT&T/Sprint A1429,nan,"1,564 sold",425,https://i.ebayimg.com/images/g/v3gAAOSwOnxlG0fP/s-l400.webp,https://ebay.com/itm/126120586381
Apple iPhone 14 128/256/512GB Unlocked Good All Colors,"$799.99
was - US $799.99","1,487 sold",15,https://i.ebayimg.com/images/g/aQYAAeSwm9RpZ-xk/s-l400.webp,https://ebay.com/itm/127566082117
Apple iPhone 15 Pro Max A2849 512GB Unlocked Very Good Condition,"$1,399.00
was - US $1,399.00","1,774 sold",12,https://i.ebayimg.com/images/g/YfkAAeSwlXdo4-Fe/s-l400.webp,https://ebay.com/itm/357482464547
"Apple iPhone 13 - Unlocked, Excellent Condition, Midnight, Blue, Pink, Free Shi",nan,60 sold,20,https://i.ebayimg.com/images/g/VQ0AAeSwpKVpNFSE/s-l400.webp,https://www.ebay.com/itm/389340071774
NEW Motorola RAZR 2024 5G (XT2453) 256GB GSM 🔓 UNLOCKED 🛡️ 1 YEAR WARRANTY,nan,130 sold,nan,https://i.ebayimg.com/images/g/LS8AAOSw6chm~WYo/s-l400.webp,https://www.ebay.com/itm/267013252953
Apple iPhone 15 128GB -A2846 - At&t Locked- VERY GOOD Condition - 100% B-H,nan,56 sold,6,https://i.ebayimg.com/images/g/4~0AAOSwRAtoUygX/s-l400.webp,https://www.ebay.com/itm/127382020744
UMIDIGI A15 A15C 8GB+256GB/128G Android 13 Smartphone Unlocked T-Mobile AT&T,nan,nan,nan,https://i.ebayimg.com/images/g/VE0AAOSw8dlk1gAk/s-l400.webp,https://www.ebay.com/itm/175855946099
Apple iPhone 14 128GB - All Colors - Factory Unlocked - Good Condition,"$276.67
was - US $276.67",21 sold,83,https://i.ebayimg.com/images/g/SiwAAOSwfCNlg3xi/s-l400.webp,https://ebay.com/itm/335174892388
Apple iPhone 14 A2649 256GB v.26.3.1 Midnight MPVV3LL/A Unlocked WC992,nan,73 sold,14,https://i.ebayimg.com/images/g/TIkAAeSw9hFp1Bqu/s-l400.webp,https://ebay.com/itm/267638049263
Apple iPhone 15 128GB Unlocked - Excellent,"$799.00
was - US $799.00",110 sold,11,https://i.ebayimg.com/images/g/fBYAAeSwzMRpYTS5/s-l960.webp,https://ebay.com/itm/257300993690
Apple iPhone 13 A2482 128GB Network Unlocked Very Good Condition,"$599.00
was - US $599.00","7,368 sold",53,https://i.ebayimg.com/images/g/gX4AAeSw3FRpJNmH/s-l960.webp,https://ebay.com/itm/354393355064
New Samsung Galaxy S23 Ultra 5G SM-S918U 256GB/512GB Factory Unlocked GSM+CDMA,nan,28 sold,31,https://i.ebayimg.com/images/g/desAAOSwulBnF99m/s-l400.webp,https://ebay.com/itm/406804152549
Motorola Moto G Stylus 5G 2025 XT2517-2 Unlocked (Any Carrier) 128GB Excellent,nan,141 sold,nan,https://i.ebayimg.com/images/g/ufcAAeSwR-BooAY3/s-l960.webp,https://www.ebay.com/itm/326886708665
"Apple iPhone 12 Mini, 64/128/256GB - Unlocked- Refurbished Excellent",nan,35 sold,13,https://i.ebayimg.com/images/g/t6IAAOSwLsdkCgAA/s-l400.webp,https://www.ebay.com/itm/236252696651
"Apple iPhone 12 Pro Max, 128/256/512GB - Unlocked - Refurbished Excellent",nan,nan,nan,https://i.ebayimg.com/images/g/VHAAAOSwgBxkCfYf/s-l400.webp,https://www.ebay.com/itm/326721920526
Samsung Galaxy S23+ 256GB S916U Unlocked - Good,"$999.99
was - US $999.99",732 sold,25,https://i.ebayimg.com/images/g/uVkAAeSwBgRoL8gl/s-l960.webp,https://ebay.com/itm/256372558330
Apple iPhone 15 Pro A2848 256GB Unlocked Excellent Condition,"$778.84
was - US $778.84",541 sold,9,https://i.ebayimg.com/images/g/fvUAAeSwdLRpJNVH/s-l960.webp,https://ebay.com/itm/356895116213
Apple iPhone 13 128/256/512GB Unlocked Good All Colors,"$1,099.99
was - US $1,099.99",16 sold,1,https://i.ebayimg.com/images/g/EUwAAeSwE0xpfNdT/s-l960.webp,https://ebay.com/itm/127610111041
Samsung Galaxy Z Fold6 512GB F956U Unlocked - Excellent,"$2,019.99
was - US $2,019.99",122 sold,2,https://i.ebayimg.com/images/g/7w4AAeSwWtRoPGQ9/s-l400.webp,https://ebay.com/itm/256905122037
Samsung Galaxy Z Flip5 512GB F731U Unlocked - Good,"$1,119.99
was - US $1,119.99",59 sold,3,https://i.ebayimg.com/images/g/d7YAAeSwAwJonzzK/s-l960.webp,https://ebay.com/itm/257067128532
Apple iPhone 15 Pro A2848 128GB Unlocked - Very Good Condition,"$1,099.99
was - US $1,099.99","1,235 sold",4,https://i.ebayimg.com/images/g/5K4AAOSwgapm4gPb/s-l960.webp,https://ebay.com/itm/356227875584
NEW Samsung Galaxy S23 Ultra 5G SM-S918U 256GB Factory Unlocked Smartphone,nan,nan,9,https://i.ebayimg.com/images/g/i~kAAeSwusNpMPIU/s-l400.webp,https://ebay.com/itm/366049594654
Samsung Galaxy Z Flip6 512GB F741U Unlocked - Excellent,"$1,219.99
was - US $1,219.99",nan,nan,https://i.ebayimg.com/images/g/FI4AAeSw2PxoMhSv/s-l400.webp,https://ebay.com/itm/256911309009
Google Pixel 8 128GB Factory Unlocked - Excellent,nan,443 sold,33,https://i.ebayimg.com/images/g/wVQAAOSw1t9oXaBT/s-l400.webp,https://ebay.com/itm/226959919179
New Sealed Samsung Galaxy S21 Ultra 5G 128GB/ 256GB SM-G998U Factory Unlocked,nan,48 sold,73,https://i.ebayimg.com/images/g/2igAAOSwlFloGeOl/s-l400.webp,https://ebay.com/itm/297281619485
Samsung Galaxy S24 128GB S921U Unlocked - Excellent,"$799.99
was - US $799.99",128 sold,2,https://i.ebayimg.com/images/g/x8MAAeSwR8toMMGM/s-l400.webp,https://ebay.com/itm/256496745168
Apple iPhone 14 Plus 128GB Fully Unlocked - VERY GOOD Condition,nan,379 sold,19,https://i.ebayimg.com/images/g/0sQAAOSw0Ndl62It/s-l960.webp,https://ebay.com/itm/326210377293
Samsung Galaxy S23 Ultra 256GB SM-S918U1 Factory Unlocked - Excellent,nan,134 sold,14,https://i.ebayimg.com/images/g/JnUAAOSw7NxmLl3S/s-l400.webp,https://ebay.com/itm/116285984225
Samsung Galaxy S24 Ultra SM-S928U 256GB Unlocked Very Good Condition,"$723.51
was - US $723.51",181 sold,8,https://i.ebayimg.com/images/g/3a8AAeSw9TJowxa3/s-l960.webp,https://ebay.com/itm/357600637044
New Sealed Box Apple iPhone 13 MINI A2481 512GB-128 Factory Unlocked All Carrier,nan,nan,12,https://i.ebayimg.com/images/g/JAQAAeSwhgxpuSW6/s-l400.webp,https://ebay.com/itm/157762392523
NEW SEALED Samsung Galaxy S22 Ultra 5G S908U 128GB/256GB/512GB Factory Unlocked,"$426.26
was - US $426.26",nan,11,https://i.ebayimg.com/images/g/KaAAAeSw7-tpwfRf/s-l400.webp,https://ebay.com/itm/406845313502
🔥NEW Sealed Box SAMSUNG GALAXY S23+ PLUS 5G 256/512GB Factory UNLOCKED GSM+CDMA,"$441.95
was - US $441.95",nan,25,https://i.ebayimg.com/images/g/V40AAeSw8xFpQm5I/s-l400.webp,https://ebay.com/itm/168314622812
NEW SEALED Samsung Galaxy Note 20 Ultra 5G N986U 128GB GSM+CDMA Factory Unlocked,nan,672 sold,162,https://i.ebayimg.com/images/g/xBIAAOSw3YtmIOFa/s-l400.webp,https://ebay.com/itm/388686740675
"Apple iPhone 14 Plus 128GB/256GB - Mint Condition - Midnight, Starlight, Blue",nan,9 sold,3,https://i.ebayimg.com/images/g/8KUAAOSwWABn7oOz/s-l400.webp,https://www.ebay.com/itm/388193313884
Samsung Galaxy S23 FE 5G S711U Unlocked Straight Talk AT&T T-Mobile Verizon Mint,nan,nan,nan,https://i.ebayimg.com/images/g/BhIAAeSwmGVp1BHB/s-l400.webp,https://www.ebay.com/itm/236740623420
,nan,nan,nan,https://ir.ebaystatic.com/rs/v/fxxj3ttftm5ltcqnto1o4baovyl.png,
,nan,nan,nan,https://ir.ebaystatic.com/rs/v/fxxj3ttftm5ltcqnto1o4baovyl.png,
"Apple iPhone 14 Plus 128GB/256GB - Mint Condition - Midnight, Starlight, Blue",nan,9 sold,3,https://i.ebayimg.com/images/g/8KUAAOSwWABn7oOz/s-l1600.webp,https://www.ebay.com/itm/388193313884
Samsung Galaxy S23 FE 5G S711U Unlocked Straight Talk AT&T T-Mobile Verizon Mint,nan,nan,nan,https://i.ebayimg.com/images/g/BhIAAeSwmGVp1BHB/s-l1600.webp,https://www.ebay.com/itm/236740623420
"Apple iPhone 13, 128/256/512GB - Unlocked - Used Very Good - All colors",nan,nan,2,https://i.ebayimg.com/images/g/sMQAAOSwcSFkCfCZ/s-l1600.webp,https://www.ebay.com/itm/235791015716
UMIDIGI A15T 16GB+128GB Octa Core NFC Dual SIM Android Unlocked Smartphone,nan,26 sold,nan,https://i.ebayimg.com/images/g/RwsAAOSw7UlnwAEP/s-l1600.webp,https://www.ebay.com/itm/176878725903
Samsung Galaxy S25 Ultra 512GB S938U Unlocked - Excellent,"$1,419.99
was - US $1,419.99",nan,nan,https://i.ebayimg.com/images/g/hmgAAeSwwdBpCLQd/s-l640.webp,https://ebay.com/itm/257189836660
Samsung Galaxy S23 Ultra 5G SM-S918U 256GB Factory Unlocked ❖ New in Sealed ❖,nan,55 sold,14,https://i.ebayimg.com/images/g/desAAOSwulBnF99m/s-l640.webp,https://ebay.com/itm/397043656711
Google Pixel 8a 128GB Factory Unlocked - Good,nan,nan,nan,https://i.ebayimg.com/images/g/IzIAAeSwTIJpDjvZ/s-l1600.webp,https://ebay.com/itm/227063998697
Apple iPhone 13 128/256/512GB Unlocked Very Good All Colors,"$799.99
was - US $799.99","1,425 sold",16,https://i.ebayimg.com/images/g/wCYAAeSwBZ9p4R0p/s-l1600.webp,https://ebay.com/itm/127610125314
Samsung Galaxy A06 A065F/DS 64GB | Black | GSM UNLOCKED,nan,52 sold,nan,https://i.ebayimg.com/images/g/WZYAAeSwx2dpzUAb/s-l640.webp,https://www.ebay.com/itm/336523073378
Samsung Galaxy S21 S991U 5G SM- G991U1 - 128GB - FACTORY UNLOCKED - EXCELLENT,nan,"1,958 sold",304,https://i.ebayimg.com/images/g/YNMAAOSwVbRjhsqa/s-l640.webp,https://ebay.com/itm/125641047454
Apple iPhone 17 256GB Unlocked Very Good All Colors,nan,59 sold,nan,https://i.ebayimg.com/images/g/4owAAeSwZPJp4R8L/s-l1600.webp,https://ebay.com/itm/127693791764
45w Type USB-C Super Fast Wall Charger+6FT Cable For Samsung Galaxy S23 S22 S21D,nan,nan,nan,https://i.ebayimg.com/images/g/yxwAAOSwP~RoWNC6/s-l640.webp,https://www.ebay.com/itm/396777295027
Samsung Galaxy S22 SM-S901U Unlocked 128GB Phantom Black Good,nan,"1,137 sold",45,https://i.ebayimg.com/images/g/urQAAOSw2QFmn95~/s-l1600.webp,https://ebay.com/itm/196518586989
Apple iPhone SE 3rd Gen (2022) 64/128/256GB-Unlocked -Refurbished Excellent,nan,77 sold,nan,https://i.ebayimg.com/images/g/lK0AAOSwSeFkGfyu/s-l640.webp,https://www.ebay.com/itm/236252802371
"Apple iPhone 13, 128/256/512GB - Unlocked - Used Good - All colors",nan,306 sold,15,https://i.ebayimg.com/images/g/sMQAAOSwcSFkCfCZ/s-l640.webp,https://www.ebay.com/itm/226415688103
Apple iPhone 12 128GB - Fully Unlocked - VERY GOOD Condition,nan,246 sold,10,https://i.ebayimg.com/images/g/1AIAAOSwNpxn5Jnp/s-l640.webp,https://www.ebay.com/itm/225936656368
Tracfone Samsung A16 128GB Bundle - 365 Day Plan,nan,nan,nan,https://i.ebayimg.com/images/g/VdQAAeSwU8Fppzun/s-l640.webp,https://www.ebay.com/itm/287162279351
Samsung Galaxy Z TriFold 512GB Crafted Black,nan,nan,nan,https://i.ebayimg.com/images/g/TtQAAeSwpzNp6Ic8/s-l640.webp,https://www.ebay.com/itm/406869137141
45W PD Fast Wall Charger+Type-C Cable For Samsung Galaxy S23 S22 S21 S20 Ultra H,nan,nan,nan,https://i.ebayimg.com/images/g/D18AAOSwutRl9Wdx/s-l640.webp,https://www.ebay.com/itm/286438570086
Apple iPhone 15 Pro Max A2849 512GB Unlocked Excellent Condition,"$951.40
was - US $951.40",273 sold,4,https://i.ebayimg.com/images/g/vU4AAeSw2JpowxCV/s-l1600.webp,https://ebay.com/itm/357482540114
Samsung Galaxy S24 Ultra 5G 256/512/1TB Unlocked,"$552.41
was - US $552.41",12 sold,20,https://i.ebayimg.com/images/g/0IAAAOSwKv9n-BRe/s-l1600.webp,https://ebay.com/itm/365885903300
Apple iPhone 15 Plus A2847 256GB Unlocked Very Good Condition,"$999.99
was - US $999.99",870 sold,6,https://i.ebayimg.com/images/g/3ZUAAeSwMX5odXix/s-l640.webp,https://ebay.com/itm/357283854058
Apple iPhone 15 Pro Max A2849 1TB Natural Unlocked Very Good Condition,"$1,599.99
was - US $1,599.99",562 sold,nan,https://i.ebayimg.com/images/g/0UoAAeSwlylpCP5A/s-l1600.webp,https://www.ebay.com/itm/357492955429
45W PD Super Fast Wall Charger USB-C Type C Cable For Samsung Galaxy S23 S22 S21,nan,nan,nan,https://i.ebayimg.com/images/g/ojwAAOSwbhNl8CTG/s-l640.webp,https://www.ebay.com/itm/135606436465
New Samsung Galaxy S24 Ultra 5G 256GB SM-S928U Factory Unlocked,nan,nan,26,https://i.ebayimg.com/images/g/5a8AAeSwIUVpir7B/s-l640.webp,https://ebay.com/itm/317875832442
Samsung Galaxy S22 5G SM-S901U1 128GB 256GB Unlocked Very Good,nan,90 sold,nan,https://i.ebayimg.com/images/g/9eoAAOSwBFJjPcD9/s-l640.webp,https://www.ebay.com/itm/186372216016
Genuine Oppo Find N6 512GB 16GB GLOBAL MODEL Titanium Foldable USA Stock,nan,69 sold,nan,https://i.ebayimg.com/images/g/rFYAAeSwu6hpuMdQ/s-l640.webp,https://www.ebay.com/itm/267610317786
NEW & SEALED SAMSUNG GALAXY S22 ULTRA 5G UNLOCKED 1T/512GB/256G ALL CARRIERS,"$435.15
was - US $435.15",8 sold,39,https://i.ebayimg.com/images/g/5TgAAOSwfp9mO3Et/s-l640.webp,https://ebay.com/itm/287140062605
Apple iPhone 11 64GB 128GB Unlocked Verizon At&t T-Mobile IOS WIFI LTE 4G,nan,nan,4,https://i.ebayimg.com/images/g/GqkAAOSwD99mSPV5/s-l640.webp,https://www.ebay.com/itm/387015966789
Apple iPhone 13 128GB Fully Unlocked - Very Good Condition,nan,285 sold,20,https://i.ebayimg.com/images/g/uVoAAOSwNx1lxQnL/s-l640.webp,https://www.ebay.com/itm/226523060489
"Apple iPhone 13 Pro, 128-256-512GB-1TB Unlocked- Used Excellent - All colors",nan,nan,8,https://i.ebayimg.com/images/g/vnMAAOSwaMZkCeUu/s-l640.webp,https://www.ebay.com/itm/235770748085
Apple iPhone X - 64-256GB - Fully Unlocked - VERY GOOD Condition - FACE ID,nan,63 sold,160,https://i.ebayimg.com/images/g/-fMAAOSwB9hmDr8C/s-l640.webp,https://www.ebay.com/itm/386907028443
Apple iPhone 15 128GB Unlocked - Good,"$799.00
was - US $799.00",160 sold,48,https://i.ebayimg.com/images/g/cvYAAeSwaNlpVC~U/s-l1600.webp,https://ebay.com/itm/257285303938
Samsung Galaxy S22 5G SM-S901U1 128GB 256GB Unlocked Good,nan,142 sold,19,https://i.ebayimg.com/images/g/mCkAAOSwV3lnOXZg/s-l640.webp,https://ebay.com/itm/186378192943
Samsung Galaxy S25 FE UNLOCKED 128GB SM-S731U1 5G BLACK,nan,77 sold,nan,https://i.ebayimg.com/images/g/ja8AAeSwaxNpcRTa/s-l640.webp,https://www.ebay.com/itm/127637127748
Apple iPhone 14 128GB Midnight Factory Unlocked (1-Year Warranty) Good,nan,nan,83,https://i.ebayimg.com/images/g/6lcAAeSwhPFp4p0h/s-l640.webp,https://ebay.com/itm/198289857271
Apple iPhone 5S 16GB 32GB 64GB (Unlocked) - All Colors - Smartphone,nan,647 sold,8,https://i.ebayimg.com/images/g/wqcAAOSw3~Bl-ncp/s-l1600.webp,https://ebay.com/itm/145677588794
NEW SEALED SAMSUNG GALAXY S22 ULTRA 5G 128GB US Factory Unlocked,nan,nan,21,https://i.ebayimg.com/images/g/SOsAAeSwArlpw7bO/s-l640.webp,https://ebay.com/itm/366302424619
Samsung Galaxy S23 128GB S911U Verizon Phantom Black - Very Good,nan,nan,7,https://i.ebayimg.com/images/g/T-cAAeSwayVpj20g/s-l640.webp,https://www.ebay.com/itm/127682894409
"Apple iPhone 12 Pro Max, 128/256/512GB - Unlocked - Used Very Good",nan,146 sold,nan,https://i.ebayimg.com/images/g/VHAAAOSwgBxkCfYf/s-l640.webp,https://www.ebay.com/itm/326307208616
OPEN BOX Samsung Galaxy S25 FE FACTORY UNLOCKED SM-S731U1 5G 128GB BLACK,nan,nan,nan,https://i.ebayimg.com/images/g/ja8AAeSwaxNpcRTa/s-l640.webp,https://www.ebay.com/itm/147107149488
Apple iPhone 12 64GB - All Colors - Factory Unlocked - Good Condition,"$183.33
was - US $183.33",243 sold,73,https://i.ebayimg.com/images/g/NMgAAOSwSPNlaMk-/s-l640.webp,https://ebay.com/itm/335174748460
45W Super Fast Wall Charger 6FT Type USB-C Cable For Samsung Galaxy S20- S22 S23,nan,nan,nan,https://i.ebayimg.com/images/g/UTgAAOSwFKFnrxAD/s-l640.webp,https://www.ebay.com/itm/157207431055
ALT MIVE Style Folder 2 32GB AT-M140 LTE/3G Unlocked - Black/White=,nan,52 sold,nan,https://i.ebayimg.com/images/g/gh0AAOSwPnZnso1n/s-l640.webp,https://www.ebay.com/itm/226601660356
"Tracfone 2.8"" Nokia Flip 2760 with 1200 Talk/Text/Data Plan 2 Pack","$289.99
was - US $289.99","1,180 sold",nan,https://i.ebayimg.com/images/g/G1wAAeSwGjRp66KZ/s-l640.webp,https://www.ebay.com/itm/286074716112
Samsung Galaxy Z TriFold SM-F968 eSIM 16GB RAM 512GB GLOBAL MODEL Black.,nan,nan,nan,https://i.ebayimg.com/images/g/OsUAAeSwhrZp5eMO/s-l640.webp,https://www.ebay.com/itm/287282563734
"Motorola Moto G 5G (2025) 128gb - 6.7"" HD+ 50MP (Cricket wireless)🔒 SEALED",nan,nan,nan,https://i.ebayimg.com/images/g/WvkAAeSwPXpp6Smk/s-l1600.webp,https://www.ebay.com/itm/336547001725
NEW SEALED Samsung Galaxy S22 Ultra 5G S908U 128GB/256GB/512GB Factory Unlocked,nan,nan,nan,https://i.ebayimg.com/images/g/MFIAAOSwdt5oU95v/s-l640.webp,https://www.ebay.com/itm/389335521577
Apple iPhone 13 Pro Max 128/256/512GB/1TB Unlocked Good All Colors,"$1,099.99
was - US $1,099.99",801 sold,18,https://i.ebayimg.com/images/g/fjgAAeSwbChpZ~Da/s-l640.webp,https://ebay.com/itm/127610110800
Samsung Galaxy Z Fold6 256GB F956U Unlocked - Open Box,"$1,899.99
was - US $1,899.99",106 sold,nan,https://i.ebayimg.com/images/g/pjwAAeSw1mxpjjVH/s-l640.webp,https://ebay.com/itm/257357441239
NEW LISTINGSamsung Galaxy S23 - 128 GB - Phantom Black (Unlocked),"$174.99
was - US $174.99",nan,34,https://i.ebayimg.com/images/g/OxcAAeSwUbhp6nDX/s-l640.webp,https://ebay.com/itm/157855977279
Samsung Galaxy S24 Ultra 256GB Unlocked ATT T-Mobile Verizon Very Good Condition,"$1,299.99
was - US $1,299.99",203 sold,20,https://i.ebayimg.com/images/g/9c8AAOSwF0Jn6vq3/s-l640.webp,https://ebay.com/itm/297168062035
Google Pixel 7a 128GB Fully Unlocked - Good,nan,nan,14,https://i.ebayimg.com/images/g/T4kAAeSw7Z9pH3pa/s-l1600.webp,https://ebay.com/itm/227092240330
Apple iPhone 16 Pro Max A3084 512GB Unlocked Excellent Condition,"$1,699.99
was - US $1,699.99",185 sold,nan,https://i.ebayimg.com/images/g/I10AAeSwBzFpCNmk/s-l640.webp,https://www.ebay.com/itm/357482182735
Apple iPhone 12 64GB – Fully Unlocked - VERY GOOD CONDITION - Unlocked,nan,"1,634 sold",73,https://i.ebayimg.com/images/g/obAAAOSw2IplMD~7/s-l1600.webp,https://ebay.com/itm/325852789181
New in Sealed Apple iPhone SE 3rd Gen (2022)64-256GB Unlocked 2 YRS WARRANTY,nan,nan,nan,https://i.ebayimg.com/images/g/MAsAAOSwNB1n~HOO/s-l640.webp,https://www.ebay.com/itm/397824351880
Apple iPhone 14 Pro A2650 128GB Network Unlocked Very Good Condition,"$999.00
was - US $999.00","4,188 sold",9,https://i.ebayimg.com/images/g/GLgAAOSwG6JkyZ3Q/s-l1600.webp,https://ebay.com/itm/354954088639
NEW SEALED Samsung Galaxy S23 Ultra 5G SM-S918U 1T/256GB/512GB Factory Unlocked,"$624.99
was - US $624.99",nan,31,https://i.ebayimg.com/images/g/ZAIAAOSws5Nna86X/s-l640.webp,https://ebay.com/itm/377105737870
"Apple iPhone 14 Plus, 128- 256-512GB - Unlocked All Colors -Used Very Good",nan,nan,2,https://i.ebayimg.com/images/g/GLYAAOSwRX9kBgb5/s-l640.webp,https://www.ebay.com/itm/325632856853
Apple iPhone 13 A2482 128GB - Fully Unlocked- Black & Blue - Very Good Condition,nan,495 sold,105,https://i.ebayimg.com/images/g/HnIAAOSwKz9nFp4Z/s-l640.webp,https://www.ebay.com/itm/127083143769
,nan,nan,nan,https://ir.ebaystatic.com/rs/v/fxxj3ttftm5ltcqnto1o4baovyl.png,
,nan,nan,nan,https://ir.ebaystatic.com/rs/v/fxxj3ttftm5ltcqnto1o4baovyl.png,
"Apple iPhone 14, 128GB-256GB-512GB, Unlocked -Good Condition - All Colors",nan,84 sold,14,https://i.ebayimg.com/images/g/tzUAAOSw1p5kB1Fw/s-l960.webp,https://www.ebay.com/itm/326314259675
Kyocera DuraXV Extreme E4810 KOSHER Rugged Kosher Flip Phone Unlocked,nan,nan,nan,https://i.ebayimg.com/images/g/u5cAAOSwwjpoTt6P/s-l960.webp,https://www.ebay.com/itm/317810668692
"Apple iPhone 13 Mini, 128/256/512GB - Unlocked - Used Very Good - All colors",nan,nan,nan,https://i.ebayimg.com/images/g/qAwAAOSwhGpkCevP/s-l960.webp,https://www.ebay.com/itm/234988341540
Samsung Galaxy S21 FE 5G G990U Unlocked Straight Talk AT&T T-Mobile Verizon Mint,nan,nan,nan,https://i.ebayimg.com/images/g/8rYAAeSwjb1p1Axd/s-l960.webp,https://www.ebay.com/itm/236740596876
65W Super Fast Charger Plug 1 USB-C Cable For Samsung Galaxy S22 S23 S24 A53,nan,nan,nan,https://i.ebayimg.com/images/g/uyUAAeSwOU1pAIGu/s-l400.webp,https://www.ebay.com/itm/397202331668
Samsung Galaxy S23+ PLUS 256GB 5G SM-916U1 Factory Unlocked - EXCELLENT,nan,nan,25,https://i.ebayimg.com/images/g/7LUAAOSwNZRn1dRa/s-l400.webp,https://ebay.com/itm/127077515331
Samsung Galaxy S23+ 256GB S916U Unlocked - Excellent,"$999.99
was - US $999.99",299 sold,8,https://i.ebayimg.com/images/g/yeQAAeSwzdJoL09Q/s-l960.webp,https://ebay.com/itm/256372558291
Apple iPhone 17 256GB Unlocked Good All Colors,"$799.00
was - US $799.00",111 sold,nan,https://i.ebayimg.com/images/g/vZAAAeSwYytp4R5R/s-l960.webp,https://ebay.com/itm/127693798903
65W Type USB C Super Fast Wall Charger+Cable For Samsung Galaxy S23 S22 S21 S24,nan,nan,nan,https://i.ebayimg.com/images/g/ptMAAeSwi5hpzPFb/s-l400.webp,https://www.ebay.com/itm/376132281658
Apple iPhone 14 128GB Unlocked - Excellent,"$799.00
was - US $799.00",290 sold,83,https://i.ebayimg.com/images/g/eQ8AAeSwhkxoM8xO/s-l960.webp,https://ebay.com/itm/256473384960
Apple iPhone 13 128GB - All Colors - Factory Unlocked - Good Condition,"$254.44
was - US $254.44",153 sold,53,https://i.ebayimg.com/images/g/8pAAAOSwx8JldP2E/s-l400.webp,https://ebay.com/itm/235337183041
Apple iPhone 16 Pro 512GB Factory Unlocked Very Good Condition,"$775.00
was - US $775.00",nan,nan,https://i.ebayimg.com/images/g/BrYAAeSwU0pp2prR/s-l400.webp,https://ebay.com/itm/168302213065
Samsung Galaxy Z Fold5 256GB F946U Unlocked - Good,"$1,799.99
was - US $1,799.99",nan,11,https://i.ebayimg.com/images/g/8CsAAeSwy89onlWa/s-l960.webp,https://ebay.com/itm/256480759941
Apple iPhone 15 Pro Max 256GB Unlocked Excellent Condition - All Colors,nan,362 sold,20,https://i.ebayimg.com/images/g/z3YAAOSwiKxlc1Nb/s-l960.webp,https://www.ebay.com/itm/296097787049
"Apple iPhone 12 Mini, 64/128/256GB - Unlocked- All colors- Used Very Good",nan,49 sold,nan,https://i.ebayimg.com/images/g/t6IAAOSwLsdkCgAA/s-l400.webp,https://www.ebay.com/itm/226405463968
UMIDIGI Power 5 4GB+128GB Octa Core Dual SIM Android Unlocked Smartphone,nan,75 sold,nan,https://i.ebayimg.com/images/g/uHcAAOSwRxxnwAe6/s-l400.webp,https://www.ebay.com/itm/176878804687
Samsung Galaxy S24 Ultra/S23 Ultra/S22 Ultra 128GB Unlocked & 45W Chargers Lot,nan,26 sold,21,https://i.ebayimg.com/images/g/LQQAAeSwgZNpy4yX/s-l400.webp,https://ebay.com/itm/389865453598
Apple iPhone 14 Pro Max 128GB Network Unlocked Very Good Condition,"$1,099.00
was - US $1,099.00","5,757 sold",10,https://i.ebayimg.com/images/g/S6gAAOSw6ltlJILl/s-l960.webp,https://ebay.com/itm/355094939620
Google Pixel 8 128GB Unlocked - Very Good,nan,126 sold,33,https://i.ebayimg.com/images/g/A9UAAOSwXJRmFcOs/s-l960.webp,https://ebay.com/itm/285976727838
Apple iPhone 15 A2846 128GB Unlocked Very Good Condition,"$899.99
was - US $899.99","1,463 sold",7,https://i.ebayimg.com/images/g/9NoAAeSwHjZpJJHb/s-l960.webp,https://ebay.com/itm/356036255923
Samsung Galaxy S22+ 5G SM-S906U1 256GB Unlocked Very Good,"$719.87
was - US $719.87",508 sold,22,https://i.ebayimg.com/images/g/9eoAAOSwBFJjPcD9/s-l400.webp,https://ebay.com/itm/186372208848
Logic B10L 4G VoLTE Dual SIM Senior GSM Unlocked Keypad Dumb Phone - Black - New,nan,nan,nan,https://i.ebayimg.com/images/g/H3AAAeSwbBtp1de6/s-l400.webp,https://www.ebay.com/itm/127798215267
Apple iPhone 13 128GB Unlocked - Very Good,"$799.99
was - US $799.99",632 sold,105,https://i.ebayimg.com/images/g/VwcAAeSwl3loL-lr/s-l960.webp,https://ebay.com/itm/256350256036
Apple iPhone 4s - 8/16/32/64GB - ALL COLORS Unlocked/AT&T/Sprint A1387,nan,"1,130 sold",442,https://i.ebayimg.com/images/g/JCwAAOSwEUlj5EcL/s-l960.webp,https://ebay.com/itm/125762410157
Google Pixel 10 - 128 GB - Obsidian (Unlocked),nan,nan,nan,https://i.ebayimg.com/images/g/KiYAAeSwkuFp6TyW/s-l960.webp,https://ebay.com/itm/389925453665
Samsung Galaxy S24 Ultra 256GB Unlocked ATT T-Mobile Verizon Excellent Condition,nan,258 sold,20,https://i.ebayimg.com/images/g/o5MAAOSwDZln6vxP/s-l400.webp,https://ebay.com/itm/297168063417
"Motorola Moto G 5G (2025) 128gb - 6.7"" HD+ 50MP (Cricket wireless)🔒 SEALED",nan,nan,nan,https://i.ebayimg.com/images/g/4foAAeSwrIhp4U~M/s-l400.webp,https://www.ebay.com/itm/188285279424
Google Pixel 8a 128GB Factory Unlocked - Excellent,nan,nan,nan,https://i.ebayimg.com/images/g/IzIAAeSwTIJpDjvZ/s-l960.webp,https://ebay.com/itm/326853682734
"Apple iPhone 14 128GB/512GB - Unlocked, Verizon, AT&T - Free Shipping & Returns",nan,nan,46,https://i.ebayimg.com/images/g/1MwAAeSwwQlplGTd/s-l400.webp,https://www.ebay.com/itm/389635801241
Samsung Galaxy S22 Ultra S908U Unlocked T-Mobile AT&T Mint Verizon 128GB 512GB,"$329.99
was - US $329.99",nan,nan,https://i.ebayimg.com/images/g/i1UAAOSwcx5oE6xD/s-l400.webp,https://www.ebay.com/itm/286836637340
Apple iPhone 12 64 | 128 | 256GB - At&t Locked - Condition Very GOOD,nan,17 sold,7,https://i.ebayimg.com/images/g/yAMAAOSwscxmqqkL/s-l400.webp,https://www.ebay.com/itm/126790974343
Apple iPhone 12 64GB/128GB/256GB - ALL COLOURS - UNLOCKED - GOOD CONDITION,"$1,077.35
was - US $1,077.35",857 sold,5,https://i.ebayimg.com/images/g/Pa0AAOSwcn9hMf5E/s-l400.webp,https://www.ebay.com/itm/334135618770
Google Pixel 7 5G 128GB - Lemongrass Obsidian Snow - Unlocked - Good Condition,"$299.99
was - US $299.99",55 sold,12,https://i.ebayimg.com/images/g/ZWMAAOSw3aplRIOH/s-l960.webp,https://ebay.com/itm/314933890735
Samsung Galaxy A13 5G (A136U) - 64GB GSM Unlocked Smartphone - Black (New),"$104.00
was - US $104.00","1,237 sold",74,https://i.ebayimg.com/images/g/lxwAAOSwW6tltBVp/s-l400.webp,https://ebay.com/itm/176919617022
Apple iPhone 14 128GB Midnight Factory Unlocked Smartphone Open Box,nan,nan,83,https://i.ebayimg.com/images/g/beAAAeSw69Jp6PnN/s-l400.webp,https://ebay.com/itm/178057139270
CAT S22 Rugged Flip Phone Unlocked (16GB) 2.8'' Touchscreen Smart Cell Phone ...,nan,144 sold,nan,https://i.ebayimg.com/images/g/4SAAAeSwVR1pk0l~/s-l400.webp,https://www.ebay.com/itm/147156951974
Samsung Galaxy S22 128GB S901U Unlocked - Excellent,"$799.99
was - US $799.99",539 sold,6,https://i.ebayimg.com/images/g/eHQAAeSwa6VojEf9/s-l960.webp,https://ebay.com/itm/255750739980
Apple iPhone SE 3RD GEN 64GB - Fully Unlocked - EXCELLENT Condition,nan,161 sold,nan,https://i.ebayimg.com/images/g/-q0AAOSwPF1m9B07/s-l960.webp,https://www.ebay.com/itm/326282934184
Apple iPhone 14 Pro 128/256/512GB/1TB - Unlocked - All Colors - Used Excellent,nan,45 sold,18,https://i.ebayimg.com/images/g/U1wAAOSwrA5kAnGD/s-l400.webp,https://www.ebay.com/itm/226382919878
Apple iPhone 12 64| 128 | 256GB - Fully Unlocked All Mobile Carriers - VERY GOOD,nan,289 sold,14,https://i.ebayimg.com/images/g/yAMAAOSwscxmqqkL/s-l400.webp,https://www.ebay.com/itm/126703379140
OPPO Find X9 Ultra Hasselblad Earth Explorer Master Limited Edition 1TB CN Model,nan,nan,nan,https://i.ebayimg.com/images/g/uy0AAeSwxYdp6lxd/s-l400.webp,https://www.ebay.com/itm/267648711787
Samsung Galaxy Z Flip6 256GB F741U Unlocked - Excellent,"$1,099.99
was - US $1,099.99",69 sold,5,https://i.ebayimg.com/images/g/uOEAAeSwYqFoMl7J/s-l400.webp,https://ebay.com/itm/256778903053
Logic Z8L 4G VoLTE Flip Phone Dual SIM Big Button Unlocked Senior Feature - New,nan,nan,nan,https://i.ebayimg.com/images/g/lIAAAeSwlN1p1cHx/s-l400.webp,https://www.ebay.com/itm/127798159239
Apple iPhone 14 Pro Max 128/256/512GB/1TB Unlocked Good All Colors,"$1,199.99
was - US $1,199.99",691 sold,25,https://i.ebayimg.com/images/g/e10AAeSwzTppZ~KU/s-l400.webp,https://ebay.com/itm/127582341745
NEW Samsung Galaxy A23 5G - 64 GB - Awesome Black (Unlocked),nan,214 sold,36,https://i.ebayimg.com/images/g/AkQAAeSwwLBpMciC/s-l400.webp,https://ebay.com/itm/177645198142
Samsung Galaxy S24 Ultra SM-S928U 512GB Unlocked Very Good Condition,"$815.08
was - US $815.08",73 sold,11,https://i.ebayimg.com/images/g/J24AAeSwUPJod-DR/s-l960.webp,https://ebay.com/itm/357295226907
Apple iPhone 6S 16GB 32GB 64GB 128GB Unlocked Verizon AT&T - Fair Condition,nan,nan,10,https://i.ebayimg.com/images/g/dCIAAOSwQKplrv76/s-l960.webp,https://ebay.com/itm/147262017172
FACTORY New Sealed Apple iPhone SE 3rd Gen 256G-64GB Fully Unlocked CDMA& GSM,"$292.98
was - US $292.98",94 sold,121,https://i.ebayimg.com/images/g/LREAAOSwYcJoS~f5/s-l400.webp,https://ebay.com/itm/226812687822
Apple iPhone 13 Mini 128/256/512GB Unlocked Good All Colors,"$699.99
was - US $699.99",153 sold,29,https://i.ebayimg.com/images/g/swEAAeSwfu9pQXuo/s-l400.webp,https://ebay.com/itm/127566174724
Apple iPhone 12 Pro 128GB Fully Unlocked A2341 Very Good Condition,nan,685 sold,26,https://i.ebayimg.com/images/g/3F4AAOSwEqNnHAnT/s-l400.webp,https://ebay.com/itm/116370865821
"3 PACK Samsung Galaxy S23 Ultra 5G Screen Protector Edge to Edge,Anti-Scratc HD",nan,nan,nan,https://i.ebayimg.com/images/g/IUEAAeSwKnpp6P-k/s-l400.webp,https://www.ebay.com/itm/127824418669
NEW LISTING✨NEW✨ Samsung Galaxy S24 Ultra/S23 Ultra/S22 Ultra 5G 128GB (Factory Unlocked),"$504.27
was - US $504.27",nan,nan,https://i.ebayimg.com/images/g/~IEAAeSwzrlp6tNW/s-l400.webp,https://www.ebay.com/itm/397874334373
"Apple iPhone 5c - 8GB, 16GB, 32GB - ALL COLORS Unlocked AT&T T-Mobile",nan,181 sold,11,https://i.ebayimg.com/images/g/mBsAAOSw7OxnZ2eG/s-l400.webp,https://ebay.com/itm/116426068367
Samsung Galaxy A16 128GB A166U Unlocked - Very Good,"$199.99
was - US $199.99",nan,19,https://i.ebayimg.com/images/g/AsQAAeSwqZVp6OXl/s-l400.webp,https://ebay.com/itm/257469414475
Samsung Galaxy S24+ Plus 5G 256GB SM-926U1 Factory Unlocked - EXCELLENT,nan,nan,2,https://i.ebayimg.com/images/g/-RsAAeSwo1looK3M/s-l400.webp,https://ebay.com/itm/116737736806
Samsung Galaxy S22 128GB 5G SM-S901U1 FACTORY UNLOCKED CDMA + GSM- EXCELLENT,nan,106 sold,nan,https://i.ebayimg.com/images/g/xr0AAOSwFZVlvsfM/s-l400.webp,https://www.ebay.com/itm/115990092373
Apple iPhone 11 2019 A2111 4GB Cellular Unlocked 64GB 26.4.1 Black,nan,nan,nan,https://i.ebayimg.com/images/g/0jYAAeSwQdhp6T1M/s-l400.webp,https://www.ebay.com/itm/178071021156
Samsung Galaxy Z Fold5 512GB F946U Unlocked - Excellent,"$1,799.99
was - US $1,799.99",141 sold,nan,https://i.ebayimg.com/images/g/yysAAeSwDVFonlVn/s-l960.webp,https://ebay.com/itm/256612382690
Apple iPhone 13 - 128 GB - Midnight (Verizon),nan,210 sold,15,https://i.ebayimg.com/images/g/ESoAAeSwJR5orJzr/s-l400.webp,https://www.ebay.com/itm/157271002092
Motorola Razr 2024 XT2453V 256GB Gray Tracfone/Straight Talk Only Tested A GRADE,nan,123 sold,nan,https://i.ebayimg.com/images/g/A4kAAOSwdw1n2zJ3/s-l400.webp,https://www.ebay.com/itm/326496175931
,nan,nan,nan,https://ir.ebaystatic.com/rs/v/fxxj3ttftm5ltcqnto1o4baovyl.png,
,nan,nan,nan,https://ir.ebaystatic.com/rs/v/fxxj3ttftm5ltcqnto1o4baovyl.png,
"Apple iPhone 12 Pro Max, 128/256/512GB - Unlocked - Refurbished B Grade",nan,19 sold,nan,https://i.ebayimg.com/images/g/VHAAAOSwgBxkCfYf/s-l960.webp,https://www.ebay.com/itm/236252784220
"Apple iPhone 11 128GB Unlocked - Excellent Condition, Black/Red - Free Shipping",nan,nan,nan,https://i.ebayimg.com/images/g/IN8AAOSwHGpn9~8y/s-l960.webp,https://www.ebay.com/itm/388235241777
"Apple iPhone 13 Mini, 128/256/512GB - Unlocked - Used Excellent - All colors",nan,nan,21,https://i.ebayimg.com/images/g/qAwAAOSwhGpkCevP/s-l960.webp,https://www.ebay.com/itm/326292275712
"New 6.8"" Android Smartphone 5G Dual SIM Purple Unlocked (Unbranded) Large Screen",nan,82 sold,nan,https://i.ebayimg.com/images/g/s78AAeSwl2Npijl4/s-l960.webp,https://www.ebay.com/itm/376929050998
Apple iPhone 13 128GB Unlocked Very Good Condition - All Colors,nan,116 sold,16,https://i.ebayimg.com/images/g/qqMAAOSwXXFmjZwA/s-l960.webp,https://ebay.com/itm/285596733728
Samsung Galaxy S22+ SM-S906U Unlocked 128GB Phantom Black Good,nan,353 sold,23,https://i.ebayimg.com/images/g/8ZIAAOSwNCdmn-zm/s-l960.webp,https://ebay.com/itm/196518655332
Apple iPhone 14 -5G - 128GB Factory Unlocked GSM + CDMA - EXCELLENT,nan,73 sold,46,https://i.ebayimg.com/images/g/JlgAAOSwZYBoDT97/s-l400.webp,https://ebay.com/itm/116619563010
Samsung Galaxy S23 Ultra 5G 256/512/1TB Verizon T-Mobile AT&T Unlocked,"$616.19
was - US $616.19",102 sold,31,https://i.ebayimg.com/images/g/XeQAAOSwQJVmR54f/s-l400.webp,https://ebay.com/itm/364908736565
Apple iPhone 13 Pro 128/256/512GB/1TB Unlocked Good All Colors,"$1,099.99
was - US $1,099.99",286 sold,18,https://i.ebayimg.com/images/g/JRgAAeSwboRpZ~HA/s-l400.webp,https://ebay.com/itm/127580023074
Locked To Boost Mobile Prepaid Summit Flip Phone 8GB 5MP 2.8” Black NEW SEALED!,nan,nan,nan,https://i.ebayimg.com/images/g/E1kAAeSwI3Zp3vwp/s-l400.webp,https://www.ebay.com/itm/206208813125
Apple iPhone 16+ A3082 256GB Unlocked Very Good Condition,"$1,499.99
was - US $1,499.99",86 sold,nan,https://i.ebayimg.com/images/g/TgkAAeSwVERpQZVI/s-l960.webp,https://www.ebay.com/itm/357482206064
Apple iPhone 14 Plus 128GB Unlocked - Excellent,"$899.00
was - US $899.00",353 sold,7,https://i.ebayimg.com/images/g/hw8AAOSwfJRkW-wZ/s-l400.webp,https://ebay.com/itm/365471995958
NEW SEALED SAMSUNG GALAXY S22 ULTRA 5G UNLOCKED 512GB/256G/128G 2 YEAR WARRANTY,"$431.24
was - US $431.24",nan,4,https://i.ebayimg.com/images/g/NeUAAeSwcVtp4gbg/s-l400.webp,https://ebay.com/itm/157840064027
Samsung Galaxy S22 5G 128-256GB Fully Unlocked - Refurbished Excellent,nan,66 sold,23,https://i.ebayimg.com/images/g/ImQAAOSwje1kGbSU/s-l400.webp,https://www.ebay.com/itm/226908834874
Apple iPhone 14 PRO MAX 256GB - Fully Unlocked - VERY GOOD Condition,nan,nan,41,https://i.ebayimg.com/images/g/7BwAAOSwwA5nv22~/s-l960.webp,https://www.ebay.com/itm/326516022425
Apple iPhone 16 Plus 256GB Unlocked Good Condition,nan,30 sold,nan,https://i.ebayimg.com/images/g/RjAAAeSwciNozaQf/s-l960.webp,https://www.ebay.com/itm/227046287704
Samsung Galaxy S25 Edge 256GB SM-S937U1 Titanium ICYBLUE UNLOCKED,nan,nan,nan,https://i.ebayimg.com/images/g/cIUAAeSwVtpozGFb/s-l400.webp,https://ebay.com/itm/127382059679
Google Pixel 6 5G Android Phone Unlocked Smartphone 128GB - Good Condition,"$299.99
was - US $299.99",252 sold,88,https://i.ebayimg.com/images/g/7AsAAOSw7Wlk1RGJ/s-l960.webp,https://ebay.com/itm/195929303579
"Apple Watch SE 1st Gen 2020, 44mm A2352, GPS Only, No Band, 100% Battery Health",nan,nan,nan,https://i.ebayimg.com/images/g/hjYAAeSwhS1p2Ee-/s-l400.webp,https://www.ebay.com/itm/327094468586
Tracfone moto g Play + 1500 MIN/1500 Text/1500MB Annual Plan 2-Pack bundle,"$304.99
was - US $304.99",nan,nan,https://i.ebayimg.com/images/g/xDIAAeSwaENp66HH/s-l400.webp,https://www.ebay.com/itm/287091488196
Apple iPhone 14 Pro 128 GB Space Black Unlocked Very Good Condition MPXT3LL/A,nan,69 sold,9,https://i.ebayimg.com/images/g/7QAAAeSwi5hpznby/s-l400.webp,https://ebay.com/itm/126794345073
**NEW OPEN BOX** Samsung Galaxy A36 5G (SM-S366V) - 128 GB - Black (Unlocked),nan,85 sold,nan,https://i.ebayimg.com/images/g/5JQAAeSwzTppZIiP/s-l400.webp,https://ebay.com/itm/177769840066
Apple iPhone 12 Pro 128GB - Fully Unlocked - VERY GOOD Condition,nan,320 sold,10,https://i.ebayimg.com/images/g/8jAAAOSwtPxnW5F4/s-l400.webp,https://ebay.com/itm/325928712833
OnePlus 15 - 16GB+512GB- Infinite Black-Unlocked-US version ( Open Box ),nan,58 sold,17,https://i.ebayimg.com/images/g/-ewAAeSwp2ZphSNE/s-l400.webp,https://ebay.com/itm/377039927720
"Motorola Moto G 2025, 128GB, Forest Gray - AT&T Prepaid Smartphone 🔒 - SEALED",nan,nan,nan,https://i.ebayimg.com/images/g/uvkAAeSwgcVp4nS7/s-l960.webp,https://www.ebay.com/itm/336546914651
Samsung Galaxy S23 Ultra SM-S918U 256GB Unlocked Very Good Condition,"$552.55
was - US $552.55",69 sold,42,https://i.ebayimg.com/images/g/7cwAAeSwZPZoww90/s-l960.webp,https://ebay.com/itm/357600872258
Sonim XP8 XP8800 64GB Verizon GSM Unlocked Rugged Smartphone Dual SIM Good,nan,488 sold,23,https://i.ebayimg.com/images/g/hksAAOSwprtlG1QM/s-l400.webp,https://ebay.com/itm/196324066276
Apple iPhone 15 128GB - Fully Unlocked- VERY GOOD Condition,nan,114 sold,5,https://i.ebayimg.com/images/g/ZrUAAOSwpt9n5C6v/s-l960.webp,https://ebay.com/itm/226666329648
"Apple iPhone 14 Plus 128GB/256GB - Unlocked, Very Good Condition, Various Color",nan,nan,5,https://i.ebayimg.com/images/g/CsMAAOSwT3dn7otf/s-l400.webp,https://www.ebay.com/itm/388193516394
UMIDIGI BISON 8GB+128GB Dual SIM 6.3'' Octa Core NFC Unlocked Android Smartphone,nan,nan,nan,https://i.ebayimg.com/images/g/pkoAAeSwfu9pO4Le/s-l400.webp,https://www.ebay.com/itm/177668316458
"Apple iPhone 13 Mini, 128/256/512GB - Unlocked - Used Good - All colors",nan,46 sold,13,https://i.ebayimg.com/images/g/qAwAAOSwhGpkCevP/s-l400.webp,https://www.ebay.com/itm/326314302722
Samsung Galaxy S23 128GB S911U Verizon Phantom Black - Good,nan,nan,7,https://i.ebayimg.com/images/g/T-cAAeSwayVpj20g/s-l400.webp,https://www.ebay.com/itm/127802908411
"✔BRAND NEW Samsung Galaxy A26 A266U 5G (2025) 6.7"" 128GB 🔓 Unlocked ✨AI",nan,144 sold,4,https://i.ebayimg.com/images/g/1TIAAeSw6odpRaLe/s-l400.webp,https://ebay.com/itm/177689837473
Kyocera DuraXV Extreme E4810 16GB Black (Verizon Locked) - Good,nan,53 sold,12,https://i.ebayimg.com/images/g/BcIAAeSw61Jo0DoQ/s-l400.webp,https://ebay.com/itm/157338255366
Apple iPhone 5c - 8GB 16GB 32GB - ALL COLORS Unlocked AT&T T-Mobile,nan,477 sold,107,https://i.ebayimg.com/images/g/Sf0AAOSwVz9lyosI/s-l400.webp,https://ebay.com/itm/126329207814
Apple iPhone 3GS - 8GB 16GB 32GB - Unlocked AT&T - All Colors A1303,nan,61 sold,29,https://i.ebayimg.com/images/g/aUUAAeSw1pxouFjq/s-l960.webp,https://ebay.com/itm/127349499356
NEW LISTINGBrand New Google Pixel 9 Pro - 1TB - Obsidian (Factory Unlocked) Sealed box,nan,nan,nan,https://i.ebayimg.com/images/g/3n4AAeSw7ztp6uGK/s-l400.webp,https://ebay.com/itm/366366111251
SAMSUNG GALAXY S25 - 128GB 256GB 512GB SM-S931U1 (FACTORY UNLOCKED) ❖SEALED❖,nan,15 sold,nan,https://i.ebayimg.com/images/g/VjoAAeSwz8powgze/s-l400.webp,https://ebay.com/itm/226968136814
Apple iPhone 7 Plus (32GB/128GB) Fully Unlocked Choose Colors (GSM) WIFI LTE,nan,97 sold,209,https://i.ebayimg.com/images/g/L2sAAOSw~kRmCYMO/s-l400.webp,https://www.ebay.com/itm/386897622365
Google Pixel 8 Pro 5G 256GB 128GB Factory Unlocked Any Carrier Excellent In-Box,nan,25 sold,nan,https://i.ebayimg.com/images/g/VAsAAOSwKfhnF~~E/s-l400.webp,https://www.ebay.com/itm/267037814160
Apple iPhone 13 Pro Max 128/256/512GB/1TB Unlocked Very Good All Colors,"$1,099.99
was - US $1,099.99",517 sold,18,https://i.ebayimg.com/images/g/gRkAAeSwgmBpZ~FO/s-l400.webp,https://ebay.com/itm/127610125391
New Samsung Galaxy S24 Ultra/S23 Ultra/S22 Ultra 5G 128GB 256GB 512GB Unlocked,nan,nan,11,https://i.ebayimg.com/images/g/h-8AAeSwQOlp3fx2/s-l400.webp,https://ebay.com/itm/206209601217
Apple iPhone 15 256GB Factory Unlocked CDMA + GSM - Excellent,nan,nan,nan,https://i.ebayimg.com/images/g/lkUAAeSwUntozJFr/s-l960.webp,https://ebay.com/itm/127438911136
"Apple iPhone SE 3rd Gen - (Great Condition) + Unlocked, AT&T, T-Mobile, Verizon","$229.99
was - US $229.99",364 sold,121,https://i.ebayimg.com/images/g/mEAAAOSw4p9lWnBx/s-l400.webp,https://ebay.com/itm/335037340497
New Sealed Apple iPhone 13 Mini/12 Mini Factory Unlocked 256GB/128GB ALL Carrier,"$509.99
was - US $509.99",127 sold,12,https://i.ebayimg.com/images/g/RWoAAOSwYkFnNHyf/s-l400.webp,https://ebay.com/itm/286160847625
NEW SEALED Samsung Galaxy S20 Ultra 5G SM-G988U1 128GB Factory Unlocked,nan,741 sold,200,https://i.ebayimg.com/images/g/RyUAAOSwG~9nkqa9/s-l960.webp,https://ebay.com/itm/176803818064
Apple iPhone 14 128GB Midnight Factory Unlocked (1-Year Warranty) USED,nan,nan,83,https://i.ebayimg.com/images/g/6lcAAeSwhPFp4p0h/s-l400.webp,https://ebay.com/itm/178066011971
Apple iPhone 14+ A2632 128GB Unlocked Very Good Condition,"$799.00
was - US $799.00",848 sold,7,https://i.ebayimg.com/images/g/2doAAOSwyUNnZdBv/s-l960.webp,https://ebay.com/itm/355896547023
NEW SEALED SAMSUNG GALAXY S23 ULTRA 5G/S22 ULTRA 5G GSM CDMA FACTORY UNLOCKED,nan,52 sold,10,https://i.ebayimg.com/images/g/Sy4AAOSwBdVnkfuP/s-l400.webp,https://ebay.com/itm/135970653441
"Apple iPhone 13 Pro 128GB Graphite Unlocked Verizon, AT&T, T-Mobile",nan,226 sold,7,https://i.ebayimg.com/images/g/oaYAAeSwySZpZ6vI/s-l400.webp,https://ebay.com/itm/127623504084
Samsung Galaxy S26 Ultra 256GB (SM-S948U1) FACTORY UNLOCKED BRAND NEW SEALED,nan,nan,nan,https://i.ebayimg.com/images/g/mHUAAeSw0Qpp4poK/s-l400.webp,https://www.ebay.com/itm/147263888623
NEW LISTINGSamsung Galaxy A17 SM-A175F/DS 128 GB 4 GB Dual SIM Unlocked International,nan,nan,nan,https://i.ebayimg.com/images/g/5f0AAeSw6oxp6ps-/s-l400.webp,https://ebay.com/itm/157856345327
Apple iPhone 16 Pro 128GB Unlocked Excellent Condition,nan,97 sold,5,https://i.ebayimg.com/images/g/m6EAAeSwSwVoi5ya/s-l960.webp,https://ebay.com/itm/226982765337
Motorola Moto Edge 2025 - 256GB (Cricket) - BRAND NEW SEALED,nan,188 sold,nan,https://i.ebayimg.com/images/g/TecAAeSwekhpJ~Tz/s-l400.webp,https://www.ebay.com/itm/127075724195
Apple iPhone 14 Pro Max 512GB Unlocked Very Good Condition,"$1,399.00
was - US $1,399.00","2,210 sold",19,https://i.ebayimg.com/images/g/Lo8AAOSwmr1nUghf/s-l960.webp,https://ebay.com/itm/356344723615
Motorola Moto G Stylus 2025 128GB (Cricket Wireless) NEW Sealed Blue 5G,nan,46 sold,7,https://i.ebayimg.com/images/g/cM0AAeSw591pvX~z/s-l400.webp,https://ebay.com/itm/127688391175
Apple iPhone 12 64GB 128GB 256GB - Unlocked AT&T T-Mobile - All Colors,nan,73 sold,14,https://i.ebayimg.com/images/g/mm8AAOSwgFdoOM1z/s-l960.webp,https://ebay.com/itm/127143337023
Google Pixel 10 Pro G4QUR Unlocked 128GB Moonstone Very Good,nan,nan,nan,https://i.ebayimg.com/images/g/~AgAAeSwrwppC9dV/s-l960.webp,https://ebay.com/itm/177551149076
"Motorola Moto Razr+ 2023 5G XT2321-5 256GB 6.9"" Unlocked (Any Carrier) Good",nan,135 sold,nan,https://i.ebayimg.com/images/g/YjIAAOSwt4JnfY3b/s-l400.webp,https://www.ebay.com/itm/286276445478
Samsung Note 20 Ultra 5G N986U Mint T-Mobile Unlocked Straight Talk Verizon AT&T,nan,28 sold,nan,https://i.ebayimg.com/images/g/sVcAAOSwxclk8NIx/s-l400.webp,https://www.ebay.com/itm/326569219806
,nan,nan,nan,https://ir.ebaystatic.com/rs/v/fxxj3ttftm5ltcqnto1o4baovyl.png,
,nan,nan,nan,https://ir.ebaystatic.com/rs/v/fxxj3ttftm5ltcqnto1o4baovyl.png,
NEW Apple iPhone 14 5G Factory 🔓 Unlocked 100% 🔋 Battery 🛡️ 1 Year Warranty,nan,32 sold,nan,https://i.ebayimg.com/images/g/ZOoAAOSwCRtn7Dqp/s-l960.webp,https://www.ebay.com/itm/256878655307
Samsung Note 20 Ultra 5G N986 Unlocked Mint T-Mobile Straight Talk Verizon Boost,nan,nan,nan,https://i.ebayimg.com/images/g/sVcAAOSwxclk8NIx/s-l960.webp,https://www.ebay.com/itm/327080030740
Apple iPhone 11 - 64 | 128 | 256 GB - Fully Unlocked - Very Good Condition,nan,113 sold,89,https://i.ebayimg.com/images/g/HGAAAOSwTz5nROoh/s-l960.webp,https://www.ebay.com/itm/126796000598
Apple iPhone X 64GB 256GB Unlocked AT&T T-Mobile Verizon - Good Condition,nan,nan,29,https://i.ebayimg.com/images/g/jG4AAeSw95NpEPG2/s-l960.webp,https://www.ebay.com/itm/147219983488
Apple iPhone 12 64GB 128GB 256GB - Unlocked AT&T T-Mobile - All Colors,nan,73 sold,14,https://i.ebayimg.com/images/g/mm8AAOSwgFdoOM1z/s-l960.webp,https://ebay.com/itm/127143337023
Google Pixel 10 Pro G4QUR Unlocked 128GB Moonstone Very Good,nan,nan,nan,https://i.ebayimg.com/images/g/~AgAAeSwrwppC9dV/s-l960.webp,https://ebay.com/itm/177551149076
Genuine Oppo Find N6 512GB 16GB GLOBAL MODEL Orange Foldable USA Stock,nan,nan,nan,https://i.ebayimg.com/images/g/flgAAeSwrtFpuU-s/s-l400.webp,https://www.ebay.com/itm/267610316385
Samsung Galaxy S25 FE 128GB S731U Unlocked - Excellent,"$649.99
was - US $649.99",nan,nan,https://i.ebayimg.com/images/g/CUUAAeSwnahpvB-g/s-l960.webp,https://ebay.com/itm/257415077061
Apple iPhone 16 A3081 256GB Unlocked Very Good Condition,"$1,299.99
was - US $1,299.99",87 sold,nan,https://i.ebayimg.com/images/g/wsQAAeSwihFo4-BF/s-l400.webp,https://ebay.com/itm/357482099337
EXCELLENT 9/10 Samsung Galaxy Xcover Pro SM-G715U 64GB Black Verizon 4G LTE,nan,nan,nan,https://i.ebayimg.com/images/g/QXIAAeSwHUxp4sNB/s-l400.webp,https://ebay.com/itm/306887151313
"Motorola Moto G Power 5G XT2415 2024 128GB Unlocked 6.7"" 50MP GPS Midnight Blue",nan,69 sold,nan,https://i.ebayimg.com/images/g/sdoAAeSwXNZpVsV2/s-l400.webp,https://www.ebay.com/itm/257288182683
🚀 NEW Motorola Edge 2025 Deep Forest 256GB XT2519-1 ✅ UNLOCKED📦1 YEAR WARRANTY,nan,nan,nan,https://i.ebayimg.com/images/g/3lkAAeSwMcFommPG/s-l400.webp,https://www.ebay.com/itm/187537838249
Tracfone Moto G Power 5G 2025 128GB Gray + 1 Year Service (1500 Min/Txt/Data) +,nan,nan,nan,https://i.ebayimg.com/images/g/u38AAeSwYOVpp3vv/s-l400.webp,https://www.ebay.com/itm/287177846444
"Apple iPhone 13 Pro, 128-256-512GB-1TB Unlocked- Refurbished Excellent",nan,nan,8,https://i.ebayimg.com/images/g/vnMAAOSwaMZkCeUu/s-l400.webp,https://www.ebay.com/itm/326721900007
Samsung Galaxy S22 Ultra 5G Verizon Unlocked T-Mobile Straight Talk Mint Cricket,nan,nan,8,https://i.ebayimg.com/images/g/HewAAOSw-R1nkobv/s-l400.webp,https://www.ebay.com/itm/236194924619
Apple iPhone 16 Plus 128GB Unlocked Good Condition,nan,318 sold,nan,https://i.ebayimg.com/images/g/RjAAAeSwciNozaQf/s-l960.webp,https://www.ebay.com/itm/227011332517
"Samsung Galaxy S21 FE 128GB 6.4"", Fully Unlocked - US Version - Excellent",nan,84 sold,65,https://i.ebayimg.com/images/g/5c4AAeSwVbxpub~Q/s-l960.webp,https://ebay.com/itm/406732921691
Apple iPhone 16 Pro Max 256GB Unlocked Excellent Condition,nan,85 sold,12,https://i.ebayimg.com/images/g/jXcAAeSwbLBowzpC/s-l960.webp,https://ebay.com/itm/226983043363
Google Pixel 8 128GB Factory Unlocked - Good,nan,119 sold,33,https://i.ebayimg.com/images/g/wVQAAOSw1t9oXaBT/s-l400.webp,https://ebay.com/itm/326760211906
Samsung Galaxy S22+ 5G SM-S906U1 128GB 256GB Factory Unlocked Excellent,nan,158 sold,nan,https://i.ebayimg.com/images/g/9eoAAOSwBFJjPcD9/s-l400.webp,https://www.ebay.com/itm/355596780465
Samsung Galaxy S22 Ultra 256GB S908U Unlocked - Very Good,"$1,299.00
was - US $1,299.00","1,119 sold",12,https://i.ebayimg.com/images/g/IYwAAeSwAMdoN4JM/s-l960.webp,https://ebay.com/itm/256483219323
Kyocera DuraForce Ultra 5G E7110 128GB Unlocked GSM + Verizon Rugged Good,nan,62 sold,nan,https://i.ebayimg.com/images/g/k8UAAOSwRO9nShsC/s-l960.webp,https://www.ebay.com/itm/387749049879
Apple iPhone 13 128GB Unlocked - Excellent,"$799.99
was - US $799.99",480 sold,105,https://i.ebayimg.com/images/g/l5AAAeSwKmNoPGVS/s-l960.webp,https://ebay.com/itm/256350256024
"Apple iPhone 15 Pro Max, 256GB , - Titanium - Fully Unlocked - Excellent",nan,40 sold,20,https://i.ebayimg.com/images/g/kEoAAeSwI3Zp4oQE/s-l960.webp,https://ebay.com/itm/406814871017
Samsung Galaxy S21 5G 128GB G991U Unlocked - Good,"$799.99
was - US $799.99",365 sold,nan,https://i.ebayimg.com/images/g/iMMAAeSwG5JoL7sl/s-l960.webp,https://ebay.com/itm/254987231741
Apple iPhone 14 128GB Unlocked - Excellent,"$799.00
was - US $799.00",295 sold,15,https://i.ebayimg.com/images/g/7lIAAOSwy4dkW9k4/s-l400.webp,https://ebay.com/itm/364506177072
COOLPAD Belleza 3321 CP3321AT T-MOBILE GSM Unlocked 8GB 4G LTE Flip Phone,nan,"1,553 sold",nan,https://i.ebayimg.com/images/g/y20AAOSwOkBk0T5F/s-l400.webp,https://www.ebay.com/itm/364403725004
Apple iPhone 13 128GB Midnight Factory Unlocked Open Box 1-Year Warranty,nan,90 sold,105,https://i.ebayimg.com/images/g/TR4AAeSwqUBpgpgE/s-l400.webp,https://ebay.com/itm/389699830358
NEW UNLOCKED SAMSUNG GALAXY S24 ULTRA 5G SM-S928U ALL COLORS AND MEMORY GSM+CDMA,nan,74 sold,4,https://i.ebayimg.com/images/g/1DMAAeSwRUJphjw-/s-l960.webp,https://www.ebay.com/itm/198084363021
Samsung Galaxy A15 5G 128GB Blue Black SM-A156 Unl or Select Carrier Excellent,"$279.98
was - US $279.98",370 sold,8,https://i.ebayimg.com/images/g/TXYAAOSwLrZma3Z7/s-l400.webp,https://www.ebay.com/itm/275382780260
NEW Apple iPhone SE 2022 5G 3rd Gen 100% 🔋 Battery Factory 🔓 Unlocked Warranty,nan,466 sold,nan,https://i.ebayimg.com/images/g/~acAAOSwURdi2sn6/s-l400.webp,https://www.ebay.com/itm/255640644993
Google Pixel 8 | 8a | 8 Pro - 128GB | 256GB - Unlocked Verizon T-Mobile AT&T,"$324.95
was - US $324.95",nan,22,https://i.ebayimg.com/images/g/8nwAAOSwhzBnfBH9/s-l960.webp,https://www.ebay.com/itm/276806870275
Samsung Galaxy S22 Unlocked GSM 128GB SM-S901U Phantom Black Very Good,nan,nan,45,https://i.ebayimg.com/images/g/kGcAAOSw1bdnP~dv/s-l400.webp,https://ebay.com/itm/127755366937
Samsung Galaxy S25 Ultra 256GB Very Good Condition,"$1,099.99
was - US $1,099.99",49 sold,nan,https://i.ebayimg.com/images/g/n3gAAeSwI11o5~eA/s-l400.webp,https://ebay.com/itm/357492965998
Apple iPhone 7 - 32GB 128GB 256GB - ALL COLORS Unlocked AT&T Verizon T-Mobile,nan,147 sold,384,https://i.ebayimg.com/images/g/soUAAOSwpzdngzV5/s-l960.webp,https://ebay.com/itm/116444334019
Motorola XT2141 Moto Edge 5G 2021 128GB Blue (Unlocked) Smartphone - Very Good,"$299.99
was - US $299.99",nan,39,https://i.ebayimg.com/images/g/Ye8AAOSwpipkzVOJ/s-l960.webp,https://ebay.com/itm/196511201174
NEW Samsung Galaxy S25 128GB FACTORY Unlocked Verizon ATT TMobile Metro,"$559.99
was - US $559.99",33 sold,nan,https://i.ebayimg.com/images/g/eoUAAeSwYlxpOa0D/s-l960.webp,https://ebay.com/itm/177664289912
Google Pixel 7a 128GB Fully Unlocked - Excellent,nan,61 sold,14,https://i.ebayimg.com/images/g/T4kAAeSw7Z9pH3pa/s-l960.webp,https://ebay.com/itm/326875721726
New Other Samsung Galaxy Note 9 N960U GSM Unlocked T-Mobile Verizon Boost AT&T,nan,281 sold,77,https://i.ebayimg.com/images/g/ycYAAOSwaSVcJof8/s-l400.webp,https://www.ebay.com/itm/323907201874
"Apple iPhone 13 Pro Max, 128/256/512GB/ 1TB, Unlocked - Used Excellent",nan,79 sold,29,https://i.ebayimg.com/images/g/gVkAAOSw2VdkCd4I/s-l400.webp,https://www.ebay.com/itm/226382983739
Apple iPhone 15 Plus 128GB - Fully Unlocked - VERY GOOD Condition,nan,25 sold,1,https://i.ebayimg.com/images/g/SI8AAOSw60Jnv3Ca/s-l960.webp,https://ebay.com/itm/326462815920
NEW LISTINGSamsung Galaxy XCover7 Pro SM-G766U | locked to AT&T | open box,nan,nan,nan,https://i.ebayimg.com/images/g/ysoAAeSwe69p6qAG/s-l960.webp,https://www.ebay.com/itm/147275008167
Samsung Galaxy S21 Plus S21+ 5G 128GB 256GB Unlocked Phone SM-G996U1 Good,nan,748 sold,134,https://i.ebayimg.com/images/g/BIsAAOSw2wZjVwJ~/s-l400.webp,https://ebay.com/itm/204179840469
Apple iPhone SE 1st Gen - 16/32/64/128GB - Unlocked - GSM/CDMA - Good Condition,nan,108 sold,nan,https://i.ebayimg.com/images/g/M-IAAOSwM-9lKKBe/s-l960.webp,https://ebay.com/itm/145575111894
Apple iPhone 17 Pro Max A3257 512GB Unlocked Very Good Condition,"$1,399.00
was - US $1,399.00",nan,1,https://i.ebayimg.com/images/g/VFsAAeSwJbJpel0p/s-l960.webp,https://ebay.com/itm/358165965187
Apple iPhone 13 Pro 128/256/512GB/1TB Unlocked Very Good All Colors,"$1,099.99
was - US $1,099.99",307 sold,18,https://i.ebayimg.com/images/g/MS4AAeSwwbRpZ~JB/s-l400.webp,https://ebay.com/itm/127610119948
Samsung Galaxy S21 | FE | Plus | Ultra 5G 128GB - Factory Unlocked - New in Box,"$330.00
was - US $330.00",128 sold,Select Model ✔ Dual SIM Physical + eSIM ✔ Ships Today,https://i.ebayimg.com/images/g/bLIAAOSwRkVm7aYy/s-l960.webp,https://ebay.com/itm/176586687087
Samsung Galaxy Z Flip5 SMF731U1 256GB Unlocked Good Condition,"$799.99
was - US $799.99",nan,nan,https://i.ebayimg.com/images/g/l8kAAeSwzlpo1FWg/s-l960.webp,https://ebay.com/itm/357662779191
Samsung Galaxy S20 FE 5G SM-G781U - 128GB - Navy (Unlocked) Smartphone,"$134.95
was - US $134.95",147 sold,271,https://i.ebayimg.com/images/g/5FkAAOSw66Jlss8v/s-l400.webp,https://ebay.com/itm/277719188091
65W PD Fast Wall Charger+3FT Type-C Cable For Samsung Galaxy S23 S22 S21 NOTE 20,nan,nan,nan,https://i.ebayimg.com/images/g/kmEAAeSwDoZowU9Q/s-l400.webp,https://www.ebay.com/itm/336171230849
Apple iPhone 16 A3081 256GB Unlocked Excellent Condition,"$1,399.99
was - US $1,399.99",23 sold,nan,https://i.ebayimg.com/images/g/xGMAAeSw8~ppJOYd/s-l960.webp,https://www.ebay.com/itm/357482104749
Samsung Galaxy S21 Plus S21+ 5G SM-G996U 128GB 256GB Factory Unlocked Very Good,nan,38 sold,51,https://i.ebayimg.com/images/g/BIsAAOSw2wZjVwJ~/s-l400.webp,https://ebay.com/itm/355608079682
Apple iPhone 14 128/256/512GB Unlocked Very Good All Colors,"$799.99
was - US $799.99",344 sold,15,https://i.ebayimg.com/images/g/5a4AAeSw1QppXr5n/s-l400.webp,https://ebay.com/itm/127610119910
2021 Microsoft Surface Duo 2 256GB - Glacier - Unlocked,nan,nan,7,https://i.ebayimg.com/images/g/Nc8AAeSw7pFp4BLq/s-l400.webp,https://ebay.com/itm/157836920242
Apple iPhone 14 128GB - Fully Unlocked - VERY GOOD Condition,nan,"1,022 sold",46,https://i.ebayimg.com/images/g/uOMAAOSwLjtninPj/s-l960.webp,https://ebay.com/itm/226447947273
NEW Samsung Galaxy S22 Ultra 5G SM-S908U 128GB 8GB RAM Smartphone Unlocked 108MP,nan,37 sold,8,https://i.ebayimg.com/images/g/w~QAAeSwBexpBXja/s-l400.webp,https://ebay.com/itm/366021838650
Apple iPhone SE 1st Gen. - 16GB 32GB 64GB 128GB - ALL COLORS Unlocked,nan,nan,nan,https://i.ebayimg.com/images/g/ah0AAOSwNrZnv90-/s-l960.webp,https://ebay.com/itm/116442731481
Apple iPhone 17 Pro 512GB Unlocked Very Good All Colors,nan,nan,4,https://i.ebayimg.com/images/g/KUkAAeSwwtlp4SON/s-l960.webp,https://ebay.com/itm/127693908303
Apple iPhone XS Max 64/256/512GB Unlocked - Refurbished Excellent -All colors,nan,nan,10,https://i.ebayimg.com/images/g/UjUAAOSwUUZkUVb9/s-l400.webp,https://www.ebay.com/itm/326721707291
"Apple iPhone 14 128GB/256GB - Mint Condition, Free Shipping! All Colors",nan,nan,5,https://i.ebayimg.com/images/g/H8wAAeSwCBhpj0ls/s-l400.webp,https://www.ebay.com/itm/389617209695
